{"x": 413502.047964, "y": 6188756.45536, "z": 145.403491725, "qx": 0.000234783539781, "qy": -0.00137955753598, "qz": 0.204376667738, "qw": -0.978891372681}